{"entities":{"pages":{"xt4imr_2":{"id":"xt4imr_2","title":"mod1","level":0,"pages":["00 intro","01 install","02 init-project","03 routes and views","04 blade","05 static files","06 layouts","07 retrieving url parameters","08 controllers","09 connect database","10 migrations","11 orm eloquent","12 save data in db","13 flash message","14 upload_images","15 request_one_register","16 salve_json","17 save_dates","18 search_in_laravel","19 autenticate","xt4imr_23"],"tabIndex":0},"00 intro":{"id":"00 intro","title":"Intro","url":"00-intro.html","level":1,"parentId":"xt4imr_2","tabIndex":0},"01 install":{"id":"01 install","title":"Instalação","url":"01-install.html","level":1,"parentId":"xt4imr_2","tabIndex":1},"02 init-project":{"id":"02 init-project","title":"Iniciar um Projeto Laravel","url":"02-init-project.html","level":1,"parentId":"xt4imr_2","tabIndex":2},"03 routes and views":{"id":"03 routes and views","title":"Routes e Views","url":"03-routes-and-views.html","level":1,"parentId":"xt4imr_2","tabIndex":3},"04 blade":{"id":"04 blade","title":"Blade","url":"04-blade.html","level":1,"parentId":"xt4imr_2","tabIndex":4},"05 static files":{"id":"05 static files","title":"Adicionando arquivos estáticos","url":"05-static-files.html","level":1,"parentId":"xt4imr_2","tabIndex":5},"06 layouts":{"id":"06 layouts","title":"Layouts com Blade","url":"06-layouts.html","level":1,"parentId":"xt4imr_2","tabIndex":6},"07 retrieving url parameters":{"id":"07 retrieving url parameters","title":"Recuperando paramêtros da URL (Rescuing Parameters)","url":"07-retrieving-url-parameters.html","level":1,"parentId":"xt4imr_2","tabIndex":7},"08 controllers":{"id":"08 controllers","title":"Controllers","url":"08-controllers.html","level":1,"parentId":"xt4imr_2","tabIndex":8},"09 connect database":{"id":"09 connect database","title":"Conectando com Banco de Dados","url":"09-connect-database.html","level":1,"parentId":"xt4imr_2","tabIndex":9},"10 migrations":{"id":"10 migrations","title":"Migrations","url":"10-migrations.html","level":1,"parentId":"xt4imr_2","tabIndex":10},"11 orm eloquent":{"id":"11 orm eloquent","title":"Usando o ORM do Laravel","url":"11-orm-eloquent.html","level":1,"parentId":"xt4imr_2","tabIndex":11},"12 save data in db":{"id":"12 save data in db","title":"Salvando dados no Database","url":"12-save-data-in-db.html","level":1,"parentId":"xt4imr_2","tabIndex":12},"13 flash message":{"id":"13 flash message","title":"Flash Message","url":"13-flash-message.html","level":1,"parentId":"xt4imr_2","tabIndex":13},"14 upload_images":{"id":"14 upload_images","title":"Upload de Imagens","url":"14-upload-images.html","level":1,"parentId":"xt4imr_2","tabIndex":14},"15 request_one_register":{"id":"15 request_one_register","title":"Resgatando um registro","url":"15-request-one-register.html","level":1,"parentId":"xt4imr_2","tabIndex":15},"16 salve_json":{"id":"16 salve_json","title":"Salvando JSON","url":"16-salve-json.html","level":1,"parentId":"xt4imr_2","tabIndex":16},"17 save_dates":{"id":"17 save_dates","title":"Salvando Datas","url":"17-save-dates.html","level":1,"parentId":"xt4imr_2","tabIndex":17},"18 search_in_laravel":{"id":"18 search_in_laravel","title":"Busca no Laravel","url":"18-search-in-laravel.html","level":1,"parentId":"xt4imr_2","tabIndex":18},"19 autenticate":{"id":"19 autenticate","title":"Autenticação","url":"19-autenticate.html","level":1,"parentId":"xt4imr_2","tabIndex":19},"xt4imr_23":{"id":"xt4imr_23","title":"errors","level":1,"parentId":"xt4imr_2","pages":["errors"],"tabIndex":20},"errors":{"id":"errors","title":"Erros que vão acontecer um dia e suas possiveis soluções","url":"errors.html","level":2,"parentId":"xt4imr_23","tabIndex":0}}},"topLevelIds":["xt4imr_2"]}